pcp_t1,acc_t1,lwp_t1,iwp_t1,olr_t1,osr_t1,pcp_t2,acc_t2,lwp_t2,iwp_t2,olr_t2,osr_t2,pcp_t3,acc_t3,lwp_t3,iwp_t3,olr_t3,osr_t3,pcp_t4,acc_t4,lwp_t4,iwp_t4,olr_t4,osr_t4,pcp_t5,acc_t5,lwp_t5,iwp_t5,olr_t5,osr_t5,pcp_t6,acc_t6,lwp_t6,iwp_t6,olr_t6,osr_t6
3.7471554279,0.0863199979,5.0852060318,0.0008276912,240.7512512207,896.9626464844,7.9930844307,3.937908411,4.4381356239,4.5186429024,153.4401702881,804.2377929688,6.2555627823,7.6948990822,2.8587121964,12.063126564,160.9409637451,848.690612793,12.8107385635,11.4412117004,5.5484800339,14.7016458511,195.8087310791,803.0979003906,18.7041091919,21.073266983,5.6027178764,11.48528862,212.2489471436,737.3928222656,20.8552017212,30.281162262,6.4446291924,3.7101278305,231.7576751709,493.205291748
